customer_id,customer_code,pseudonymised_name,pseudonymised_email,region,customer_tier,created_at
1,"CUST-00001","Client_Hash_fc1ba68a594010f2","usr_d820b1c724e25df1@anon.sme","Bristol","Platinum","2024-01-15 10:00:00"
2,"CUST-00002","Client_Hash_5a3b6b853cd87aee","usr_b584ddfbed64c658@anon.sme","Glasgow","Platinum","2024-01-15 10:00:00"
3,"CUST-00003","Client_Hash_c26e5a8807261164","usr_33e153ddcb4bb0d8@anon.sme","London","Platinum","2024-01-15 10:00:00"
4,"CUST-00004","Client_Hash_ff6f555c74999bc1","usr_12726d0f19e40c20@anon.sme","Manchester","Gold","2024-01-15 10:00:00"
5,"CUST-00005","Client_Hash_3035516b6e8e5f77","usr_bcc83b175fe31722@anon.sme","Birmingham","Platinum","2024-01-15 10:00:00"
6,"CUST-00006","Client_Hash_e779c8327d6e6c95","usr_fda39d3add5dc4f2@anon.sme","Leeds","Silver","2024-01-15 10:00:00"
7,"CUST-00007","Client_Hash_c3523da64bf4f02a","usr_27ef6f3ba9a2a96e@anon.sme","Glasgow","Gold","2024-01-15 10:00:00"
8,"CUST-00008","Client_Hash_64cf3a2ac4184f84","usr_d42eba143438bd19@anon.sme","Edinburgh","Silver","2024-01-15 10:00:00"
9,"CUST-00009","Client_Hash_584a91f720273602","usr_b7c98dcfc2398bc9@anon.sme","Glasgow","Standard","2024-01-15 10:00:00"
10,"CUST-00010","Client_Hash_12b4961ab45cdf84","usr_c33f19575f2b43c0@anon.sme","London","Gold","2024-01-15 10:00:00"
11,"CUST-00011","Client_Hash_752392a1504cd946","usr_2d7992413035cf83@anon.sme","London","Silver","2024-01-15 10:00:00"
12,"CUST-00012","Client_Hash_b89a27f978d4b4c8","usr_9514468e15434219@anon.sme","Leeds","Standard","2024-01-15 10:00:00"
13,"CUST-00013","Client_Hash_0b6502df00210b62","usr_3ab0d55fc2d9c1bf@anon.sme","Leeds","Gold","2024-01-15 10:00:00"
14,"CUST-00014","Client_Hash_d96dd318e4a75aa4","usr_2f7f32bc3b103897@anon.sme","London","Standard","2024-01-15 10:00:00"
15,"CUST-00015","Client_Hash_560fbd5efad07022","usr_71fabbb67bce19a7@anon.sme","Leeds","Gold","2024-01-15 10:00:00"
16,"CUST-00016","Client_Hash_6ae6e6452bf63139","usr_a6ed7634024faa5e@anon.sme","Birmingham","Gold","2024-01-15 10:00:00"
17,"CUST-00017","Client_Hash_197afb4ccdfaf618","usr_eb58a8bd41f32d4f@anon.sme","Leeds","Standard","2024-01-15 10:00:00"
18,"CUST-00018","Client_Hash_f2fa20b6de905582","usr_4a5e5955d4be467d@anon.sme","Glasgow","Platinum","2024-01-15 10:00:00"
19,"CUST-00019","Client_Hash_badc08b16dab550f","usr_8e4e173996791398@anon.sme","London","Gold","2024-01-15 10:00:00"
20,"CUST-00020","Client_Hash_b72a1e88bb8f6622","usr_e4207c7cf1c5eacf@anon.sme","Birmingham","Silver","2024-01-15 10:00:00"
21,"CUST-00021","Client_Hash_91738b6c0e4a75a8","usr_33e48ca8672ae868@anon.sme","Glasgow","Silver","2024-01-15 10:00:00"
22,"CUST-00022","Client_Hash_b153d4fce230fa82","usr_10803fcf52b506c5@anon.sme","Leeds","Gold","2024-01-15 10:00:00"
23,"CUST-00023","Client_Hash_87c4469e9dc8dcf6","usr_420f056f433df6d1@anon.sme","Birmingham","Gold","2024-01-15 10:00:00"
24,"CUST-00024","Client_Hash_ce4bfd404e62e4f8","usr_02285c264f479a82@anon.sme","Manchester","Silver","2024-01-15 10:00:00"
25,"CUST-00025","Client_Hash_59b40522003756d6","usr_31ab225390d9d6f7@anon.sme","Birmingham","Platinum","2024-01-15 10:00:00"
26,"CUST-00026","Client_Hash_5cb7df805453da90","usr_f0484750c364730f@anon.sme","Edinburgh","Platinum","2024-01-15 10:00:00"
27,"CUST-00027","Client_Hash_16db71462a9853ea","usr_e1017737edb655d8@anon.sme","Edinburgh","Silver","2024-01-15 10:00:00"
28,"CUST-00028","Client_Hash_5f5c6f4eb5a83278","usr_f850e0856ea9c21f@anon.sme","Glasgow","Silver","2024-01-15 10:00:00"
29,"CUST-00029","Client_Hash_b5af154744251292","usr_6f4c9669561fe344@anon.sme","Manchester","Standard","2024-01-15 10:00:00"
30,"CUST-00030","Client_Hash_dac43e457f48aafc","usr_82f55b40ca6e7544@anon.sme","Leeds","Standard","2024-01-15 10:00:00"
31,"CUST-00031","Client_Hash_af763e58805dd2ee","usr_c46fccee21f288dc@anon.sme","Bristol","Silver","2024-01-15 10:00:00"
32,"CUST-00032","Client_Hash_9c6440030bbe0c08","usr_009edcb371fae36f@anon.sme","Bristol","Standard","2024-01-15 10:00:00"
33,"CUST-00033","Client_Hash_a91f57a122e744f8","usr_3dfcac75920ceb3c@anon.sme","Manchester","Gold","2024-01-15 10:00:00"
34,"CUST-00034","Client_Hash_9e187351f0545972","usr_2792bf68e9ceb936@anon.sme","Glasgow","Standard","2024-01-15 10:00:00"
35,"CUST-00035","Client_Hash_a4fb00a46b503a23","usr_a2742cb1dd7d0a4d@anon.sme","Leeds","Platinum","2024-01-15 10:00:00"
36,"CUST-00036","Client_Hash_fec05a01b828717c","usr_c1399afaf31f6cf6@anon.sme","London","Standard","2024-01-15 10:00:00"
37,"CUST-00037","Client_Hash_28bf7e737d8a4e6b","usr_18d825e5df575e4b@anon.sme","Birmingham","Silver","2024-01-15 10:00:00"
38,"CUST-00038","Client_Hash_a429023bc7dd1f69","usr_93a10012f309c336@anon.sme","Manchester","Platinum","2024-01-15 10:00:00"
39,"CUST-00039","Client_Hash_8a482756d601bd9f","usr_438cf2d796153ce8@anon.sme","London","Standard","2024-01-15 10:00:00"
40,"CUST-00040","Client_Hash_1dff31506174530c","usr_b7a982560eb808e7@anon.sme","Bristol","Gold","2024-01-15 10:00:00"
41,"CUST-00041","Client_Hash_cf2315f9df6213bf","usr_4699962cc5c9fadf@anon.sme","Leeds","Platinum","2024-01-15 10:00:00"
42,"CUST-00042","Client_Hash_37024f44aba15186","usr_07612450c76a6e35@anon.sme","Manchester","Platinum","2024-01-15 10:00:00"
43,"CUST-00043","Client_Hash_39e193793b38d88d","usr_0da6d2338aff84fe@anon.sme","Bristol","Platinum","2024-01-15 10:00:00"
44,"CUST-00044","Client_Hash_d9167c1f24f1e4b2","usr_620e62ca7a0ea7f9@anon.sme","Edinburgh","Standard","2024-01-15 10:00:00"
45,"CUST-00045","Client_Hash_acef939c48bad715","usr_ed0806d83c8c99be@anon.sme","Leeds","Standard","2024-01-15 10:00:00"
46,"CUST-00046","Client_Hash_97c551cb558d3d58","usr_abd2bb1cff760353@anon.sme","Bristol","Platinum","2024-01-15 10:00:00"
47,"CUST-00047","Client_Hash_425e0455e2bc9ca9","usr_1f7b140e0dc181db@anon.sme","Bristol","Gold","2024-01-15 10:00:00"
48,"CUST-00048","Client_Hash_3ed1c82bdca82a2b","usr_7998be8a5cf74b5d@anon.sme","London","Standard","2024-01-15 10:00:00"
49,"CUST-00049","Client_Hash_8785a4598b1312d8","usr_12e1316ec6486ebf@anon.sme","Manchester","Gold","2024-01-15 10:00:00"
50,"CUST-00050","Client_Hash_a59b78eb5990b0bb","usr_ee78bf01c022ef2d@anon.sme","Manchester","Silver","2024-01-15 10:00:00"
51,"CUST-00051","Client_Hash_0d59ee24cd27be10","usr_3979df349ce2da66@anon.sme","Manchester","Gold","2024-01-15 10:00:00"
52,"CUST-00052","Client_Hash_0ba628b8df524498","usr_8e374588d9ee0bf9@anon.sme","Manchester","Silver","2024-01-15 10:00:00"
53,"CUST-00053","Client_Hash_085995ee1ab24a4f","usr_2da49d0a7f36fab8@anon.sme","Birmingham","Silver","2024-01-15 10:00:00"
54,"CUST-00054","Client_Hash_3244bc56bce658f0","usr_90b10b1ca6f4ee8d@anon.sme","Glasgow","Platinum","2024-01-15 10:00:00"
55,"CUST-00055","Client_Hash_7fa1ed14924ddb3d","usr_b0a51d1cd4acace5@anon.sme","London","Standard","2024-01-15 10:00:00"
56,"CUST-00056","Client_Hash_ab267f19af18ac8a","usr_d571d29274263f98@anon.sme","Birmingham","Standard","2024-01-15 10:00:00"
57,"CUST-00057","Client_Hash_0e6dfaacc535466d","usr_6ebff4ff94d29c35@anon.sme","Edinburgh","Standard","2024-01-15 10:00:00"
58,"CUST-00058","Client_Hash_1a70d7fa20bdc9d9","usr_b30c846f767d6526@anon.sme","Bristol","Gold","2024-01-15 10:00:00"
59,"CUST-00059","Client_Hash_3b806ee3b17c751b","usr_037a76114690eee7@anon.sme","Glasgow","Silver","2024-01-15 10:00:00"
60,"CUST-00060","Client_Hash_0bbf6beb49e4fc2c","usr_f69da2390ac4d55c@anon.sme","Leeds","Silver","2024-01-15 10:00:00"
61,"CUST-00061","Client_Hash_67a6eb649cccc618","usr_94e62ac0e4c1075f@anon.sme","London","Platinum","2024-01-15 10:00:00"
62,"CUST-00062","Client_Hash_befc530f6daf4a8d","usr_3194dde1b794a79b@anon.sme","Bristol","Standard","2024-01-15 10:00:00"
63,"CUST-00063","Client_Hash_bc000079a0fc0155","usr_76ba5414f11f3618@anon.sme","London","Standard","2024-01-15 10:00:00"
64,"CUST-00064","Client_Hash_c9f7cd697c027267","usr_ed1b227c41178a38@anon.sme","Birmingham","Platinum","2024-01-15 10:00:00"
65,"CUST-00065","Client_Hash_37f9ddfbe84e61b7","usr_06a61aca9400bf9b@anon.sme","Manchester","Standard","2024-01-15 10:00:00"
66,"CUST-00066","Client_Hash_fc3bc67b313537c8","usr_effde487f6068a76@anon.sme","Edinburgh","Standard","2024-01-15 10:00:00"
67,"CUST-00067","Client_Hash_1509b2ea01c180ec","usr_867608fe29eadab4@anon.sme","Glasgow","Gold","2024-01-15 10:00:00"
68,"CUST-00068","Client_Hash_e1e1cdd2c1cbe3db","usr_083b38a934f54931@anon.sme","Bristol","Platinum","2024-01-15 10:00:00"
69,"CUST-00069","Client_Hash_7926e29f66e2ec1a","usr_8c51fc4a1489b2c3@anon.sme","Leeds","Standard","2024-01-15 10:00:00"
70,"CUST-00070","Client_Hash_cb3be7110bbb4fe6","usr_760d918e4acb676d@anon.sme","Leeds","Gold","2024-01-15 10:00:00"
71,"CUST-00071","Client_Hash_3e52a7a38c70cf8c","usr_fe5a4bd420d17151@anon.sme","London","Gold","2024-01-15 10:00:00"
72,"CUST-00072","Client_Hash_1812ac8adc45f49f","usr_c75e6bd416012779@anon.sme","Edinburgh","Silver","2024-01-15 10:00:00"
73,"CUST-00073","Client_Hash_3afa8a4d21c06835","usr_836a850648128cc2@anon.sme","Manchester","Silver","2024-01-15 10:00:00"
74,"CUST-00074","Client_Hash_e8d618b8ddc1f0ab","usr_db3960317647f670@anon.sme","Bristol","Silver","2024-01-15 10:00:00"
75,"CUST-00075","Client_Hash_21887a0ed656bc2d","usr_223aafae595aa297@anon.sme","Edinburgh","Gold","2024-01-15 10:00:00"
76,"CUST-00076","Client_Hash_954e6e10c90783f5","usr_05eb9b5e61acb4b2@anon.sme","Bristol","Standard","2024-01-15 10:00:00"
77,"CUST-00077","Client_Hash_a75882e0b25f0309","usr_458db665987c30f3@anon.sme","Birmingham","Standard","2024-01-15 10:00:00"
78,"CUST-00078","Client_Hash_fea02b504ad52edb","usr_eece92355afa83a8@anon.sme","Bristol","Standard","2024-01-15 10:00:00"
79,"CUST-00079","Client_Hash_97b2c0f1e2e72cdc","usr_03074df0e499877f@anon.sme","London","Silver","2024-01-15 10:00:00"
80,"CUST-00080","Client_Hash_ec4583f7aa225114","usr_82bf1d7e258aee0d@anon.sme","Leeds","Silver","2024-01-15 10:00:00"
81,"CUST-00081","Client_Hash_a844e7a8f2706d91","usr_a9a8ec5876827b32@anon.sme","Glasgow","Platinum","2024-01-15 10:00:00"
82,"CUST-00082","Client_Hash_3aac219ec3000707","usr_425f6bf1bab26ea5@anon.sme","Bristol","Gold","2024-01-15 10:00:00"
83,"CUST-00083","Client_Hash_b35885050dd00464","usr_39752cde0158370a@anon.sme","Bristol","Silver","2024-01-15 10:00:00"
84,"CUST-00084","Client_Hash_034bf6bb733cb41c","usr_040a498f3d3123bb@anon.sme","Birmingham","Platinum","2024-01-15 10:00:00"
85,"CUST-00085","Client_Hash_410822a1afd93add","usr_5e9cda79ea0e10f7@anon.sme","Bristol","Gold","2024-01-15 10:00:00"
86,"CUST-00086","Client_Hash_5bd7fd66b3b2d7bc","usr_3e6cdcda163c86b3@anon.sme","Edinburgh","Gold","2024-01-15 10:00:00"
87,"CUST-00087","Client_Hash_b402b202b39dc7bb","usr_df985301779706b0@anon.sme","Manchester","Silver","2024-01-15 10:00:00"
88,"CUST-00088","Client_Hash_36691c042084c2b5","usr_502818b4e7a1dc18@anon.sme","Manchester","Gold","2024-01-15 10:00:00"
89,"CUST-00089","Client_Hash_b8be6fdd5bedb2b6","usr_9bf087f8703f0588@anon.sme","Edinburgh","Standard","2024-01-15 10:00:00"
90,"CUST-00090","Client_Hash_a54f4022aa54ab69","usr_5abc51cb267e45b6@anon.sme","Glasgow","Gold","2024-01-15 10:00:00"
91,"CUST-00091","Client_Hash_e523affbaef47d7e","usr_3b0f64680a3db845@anon.sme","Edinburgh","Platinum","2024-01-15 10:00:00"
92,"CUST-00092","Client_Hash_9f123fa9d6bfa488","usr_5583bb20d8ef540f@anon.sme","Leeds","Standard","2024-01-15 10:00:00"
93,"CUST-00093","Client_Hash_f4ee1655f71f497f","usr_62a2d00eddd76f67@anon.sme","Birmingham","Gold","2024-01-15 10:00:00"
94,"CUST-00094","Client_Hash_25b4369b1c71908c","usr_2ce0aa4a8c00c988@anon.sme","Leeds","Gold","2024-01-15 10:00:00"
95,"CUST-00095","Client_Hash_9172d3a5e5397216","usr_c0a5d787624a5758@anon.sme","Edinburgh","Standard","2024-01-15 10:00:00"
96,"CUST-00096","Client_Hash_265c9d56231dd0eb","usr_34a319c017b7481c@anon.sme","Birmingham","Silver","2024-01-15 10:00:00"
97,"CUST-00097","Client_Hash_aba3e02efd115abb","usr_453dcdac52d7782c@anon.sme","Bristol","Silver","2024-01-15 10:00:00"
98,"CUST-00098","Client_Hash_74c7f0b8d73380d7","usr_bf533045afecd727@anon.sme","Edinburgh","Standard","2024-01-15 10:00:00"
99,"CUST-00099","Client_Hash_64f5283adee97558","usr_b186169f040a52bb@anon.sme","Edinburgh","Platinum","2024-01-15 10:00:00"
100,"CUST-00100","Client_Hash_6cb86c7448c15f8a","usr_f98f9e0dabab3eac@anon.sme","Edinburgh","Standard","2024-01-15 10:00:00"
101,"CUST-00101","Client_Hash_40c42fef9185839a","usr_f500e5628776fd6d@anon.sme","Birmingham","Standard","2024-01-15 10:00:00"
102,"CUST-00102","Client_Hash_d2049e036cb83e07","usr_9d71d831fc7eebfe@anon.sme","Leeds","Standard","2024-01-15 10:00:00"
103,"CUST-00103","Client_Hash_8225fdff5cb009e0","usr_6fc2a1d2fcd806a4@anon.sme","Bristol","Gold","2024-01-15 10:00:00"
104,"CUST-00104","Client_Hash_c2d43a50fee91a75","usr_e9a9a3f1fca847c7@anon.sme","Edinburgh","Gold","2024-01-15 10:00:00"
105,"CUST-00105","Client_Hash_3856ff75f8564f60","usr_7819fc2a8c94e7a2@anon.sme","Birmingham","Silver","2024-01-15 10:00:00"
106,"CUST-00106","Client_Hash_cd102213f2847954","usr_c1dbaf052bbc776d@anon.sme","Bristol","Standard","2024-01-15 10:00:00"
107,"CUST-00107","Client_Hash_114e2cfa73e274ed","usr_3608fac1f2ab8372@anon.sme","London","Standard","2024-01-15 10:00:00"
108,"CUST-00108","Client_Hash_86e9559ea46cab97","usr_96f624aa4570cea8@anon.sme","Glasgow","Platinum","2024-01-15 10:00:00"
109,"CUST-00109","Client_Hash_fccc53b26264d7b5","usr_bbea14d15c50ffa6@anon.sme","Bristol","Standard","2024-01-15 10:00:00"
110,"CUST-00110","Client_Hash_8d9c78acd54abbe7","usr_e3c59ff2d1468dc0@anon.sme","London","Platinum","2024-01-15 10:00:00"
111,"CUST-00111","Client_Hash_20e595ba7b047b9d","usr_2024d4b53859a48e@anon.sme","Edinburgh","Standard","2024-01-15 10:00:00"
112,"CUST-00112","Client_Hash_e499d3e78e8f30f7","usr_24bd109b7d9d91b8@anon.sme","Birmingham","Gold","2024-01-15 10:00:00"
113,"CUST-00113","Client_Hash_b57a2a4d818210bd","usr_21c2e9acdc3b66d8@anon.sme","Glasgow","Platinum","2024-01-15 10:00:00"
114,"CUST-00114","Client_Hash_f061d039f1888a6d","usr_5afe1f68b116ba1f@anon.sme","Bristol","Gold","2024-01-15 10:00:00"
115,"CUST-00115","Client_Hash_814f1f2b4d4d4975","usr_3334dbd2f9ea7ca0@anon.sme","Bristol","Gold","2024-01-15 10:00:00"
116,"CUST-00116","Client_Hash_7a1dc6de10a35217","usr_76c8fd5c8874ab19@anon.sme","Leeds","Platinum","2024-01-15 10:00:00"
117,"CUST-00117","Client_Hash_a09f1994ef8c4197","usr_53761e66fd978123@anon.sme","Manchester","Gold","2024-01-15 10:00:00"
118,"CUST-00118","Client_Hash_867e10b2af42f7b9","usr_5a2cb1e9620e0653@anon.sme","London","Gold","2024-01-15 10:00:00"
119,"CUST-00119","Client_Hash_96c003808eefe206","usr_a6e4312651cdce0d@anon.sme","Edinburgh","Standard","2024-01-15 10:00:00"
120,"CUST-00120","Client_Hash_f1d7241e5448d4bd","usr_57b9c48f78d0290c@anon.sme","Birmingham","Gold","2024-01-15 10:00:00"
121,"CUST-00121","Client_Hash_bd94feb2a366745a","usr_baf858404b9f7af1@anon.sme","Manchester","Gold","2024-01-15 10:00:00"
122,"CUST-00122","Client_Hash_695017e8741e7317","usr_30bdfac3b9b0ef0b@anon.sme","London","Standard","2024-01-15 10:00:00"
123,"CUST-00123","Client_Hash_4ae97075d3fdfad4","usr_45aac1ce42183694@anon.sme","Leeds","Standard","2024-01-15 10:00:00"
124,"CUST-00124","Client_Hash_120cdd3393ad1bd3","usr_da54b81ea960f1cc@anon.sme","Manchester","Silver","2024-01-15 10:00:00"
125,"CUST-00125","Client_Hash_d08f293a3f05f365","usr_b21c223fd3f3879a@anon.sme","Glasgow","Platinum","2024-01-15 10:00:00"
126,"CUST-00126","Client_Hash_209d6dad933d9934","usr_b433240c6edaeac9@anon.sme","Edinburgh","Platinum","2024-01-15 10:00:00"
127,"CUST-00127","Client_Hash_aee84c46b8c893ab","usr_cb496e3422fe1c7c@anon.sme","Manchester","Standard","2024-01-15 10:00:00"
128,"CUST-00128","Client_Hash_ffb8de0a34fd244b","usr_278e8d5836861c22@anon.sme","Manchester","Gold","2024-01-15 10:00:00"
129,"CUST-00129","Client_Hash_c47284d7d17b28d6","usr_1cd122243f4ad571@anon.sme","London","Standard","2024-01-15 10:00:00"
130,"CUST-00130","Client_Hash_40193b91840285b1","usr_e44a21f641bcc1d8@anon.sme","Bristol","Silver","2024-01-15 10:00:00"
131,"CUST-00131","Client_Hash_cd4db3af372b6e2c","usr_40a2a78e2c0a14db@anon.sme","Bristol","Standard","2024-01-15 10:00:00"
132,"CUST-00132","Client_Hash_2e11dce4320362ab","usr_953b05cd2ecf18a2@anon.sme","Bristol","Gold","2024-01-15 10:00:00"
133,"CUST-00133","Client_Hash_ecd14dce7c9efc99","usr_a58e32c419275977@anon.sme","London","Silver","2024-01-15 10:00:00"
134,"CUST-00134","Client_Hash_3b2fa2446a531b2c","usr_173ff8934cbbb69c@anon.sme","Edinburgh","Gold","2024-01-15 10:00:00"
135,"CUST-00135","Client_Hash_627073fc22f65f2f","usr_41b9b1a15996f4a8@anon.sme","Glasgow","Standard","2024-01-15 10:00:00"
136,"CUST-00136","Client_Hash_b85da1d2ec8e6103","usr_64ff9f971a342da3@anon.sme","Glasgow","Gold","2024-01-15 10:00:00"
137,"CUST-00137","Client_Hash_614bb76cb5915d82","usr_d20695c26d8ba12e@anon.sme","Leeds","Gold","2024-01-15 10:00:00"
138,"CUST-00138","Client_Hash_cb1ab61bedf80a19","usr_ac4fae501b3f5b97@anon.sme","Glasgow","Silver","2024-01-15 10:00:00"
139,"CUST-00139","Client_Hash_f838b125c45a1da6","usr_4331e4fc711aafa8@anon.sme","Bristol","Platinum","2024-01-15 10:00:00"
140,"CUST-00140","Client_Hash_c0f97e66a2abf335","usr_a12d6d0c47cabaf3@anon.sme","Edinburgh","Gold","2024-01-15 10:00:00"
141,"CUST-00141","Client_Hash_69761037f06227d5","usr_5a3e0bb34086a897@anon.sme","London","Platinum","2024-01-15 10:00:00"
142,"CUST-00142","Client_Hash_37650422fff7027b","usr_28be906a11e02228@anon.sme","Leeds","Gold","2024-01-15 10:00:00"
143,"CUST-00143","Client_Hash_e4c2d17c0ed41799","usr_4c1d56d94f44911f@anon.sme","Leeds","Silver","2024-01-15 10:00:00"
144,"CUST-00144","Client_Hash_160bb5eaa395c07f","usr_ae8d544d065d38c6@anon.sme","Glasgow","Standard","2024-01-15 10:00:00"
145,"CUST-00145","Client_Hash_120e0ce9860ea066","usr_c2276ce3b99897d4@anon.sme","London","Platinum","2024-01-15 10:00:00"
146,"CUST-00146","Client_Hash_2fe67f8cd168f5bc","usr_d3bd7f47642bb0d3@anon.sme","Birmingham","Platinum","2024-01-15 10:00:00"
147,"CUST-00147","Client_Hash_ea03885068deb8b3","usr_789a24918b799076@anon.sme","London","Platinum","2024-01-15 10:00:00"
148,"CUST-00148","Client_Hash_8c9343c1ecaa1259","usr_76dca52c7650f661@anon.sme","Bristol","Gold","2024-01-15 10:00:00"
149,"CUST-00149","Client_Hash_8f3b9a5640d7380c","usr_bcc04ee6a087fe18@anon.sme","Glasgow","Standard","2024-01-15 10:00:00"
150,"CUST-00150","Client_Hash_96f42eea1daa5637","usr_d79913a5e5746330@anon.sme","Birmingham","Gold","2024-01-15 10:00:00"
151,"CUST-00151","Client_Hash_a901da146de57c4c","usr_a8a2f387925e3f3c@anon.sme","Manchester","Standard","2024-01-15 10:00:00"
152,"CUST-00152","Client_Hash_4e8c7908b4f3adbb","usr_2f60f830e3444cdd@anon.sme","Bristol","Platinum","2024-01-15 10:00:00"
153,"CUST-00153","Client_Hash_6396d063841805d7","usr_472328e9a6e31a09@anon.sme","Edinburgh","Platinum","2024-01-15 10:00:00"
154,"CUST-00154","Client_Hash_12db1091c84a3cf7","usr_4da5814d12728306@anon.sme","Glasgow","Gold","2024-01-15 10:00:00"
155,"CUST-00155","Client_Hash_466c994e7b674717","usr_701a56bcccc6169e@anon.sme","London","Platinum","2024-01-15 10:00:00"
156,"CUST-00156","Client_Hash_6420e47e542258aa","usr_5ee4e27be8c29e05@anon.sme","Birmingham","Platinum","2024-01-15 10:00:00"
157,"CUST-00157","Client_Hash_9167d08d829f32b5","usr_4105f4ba68abf666@anon.sme","Leeds","Standard","2024-01-15 10:00:00"
158,"CUST-00158","Client_Hash_7f3d40ed3c1c526b","usr_c92983410092165d@anon.sme","Edinburgh","Platinum","2024-01-15 10:00:00"
159,"CUST-00159","Client_Hash_c59ecd64db69c914","usr_ec5b0b225780600b@anon.sme","Glasgow","Silver","2024-01-15 10:00:00"
160,"CUST-00160","Client_Hash_a37aab9507404832","usr_53f5cd079d2877ff@anon.sme","Birmingham","Silver","2024-01-15 10:00:00"
161,"CUST-00161","Client_Hash_441ae2d0b665506b","usr_b8f5cd9178ca9147@anon.sme","Bristol","Standard","2024-01-15 10:00:00"
162,"CUST-00162","Client_Hash_c70926c93eb67dcc","usr_8438fa60e767abc9@anon.sme","Glasgow","Gold","2024-01-15 10:00:00"
163,"CUST-00163","Client_Hash_a22cec7f2a26c9e0","usr_5ae843904483a4b7@anon.sme","Edinburgh","Standard","2024-01-15 10:00:00"
164,"CUST-00164","Client_Hash_502696efb1902f1d","usr_2be16a073e0d930e@anon.sme","Leeds","Silver","2024-01-15 10:00:00"
165,"CUST-00165","Client_Hash_db1e6dba9a565183","usr_d80188bf86f83d2a@anon.sme","Edinburgh","Platinum","2024-01-15 10:00:00"
166,"CUST-00166","Client_Hash_9768517fe0d76e26","usr_7fc29cace01bf63c@anon.sme","Leeds","Silver","2024-01-15 10:00:00"
167,"CUST-00167","Client_Hash_616d35b305eb6120","usr_87b894c81d238681@anon.sme","Glasgow","Gold","2024-01-15 10:00:00"
168,"CUST-00168","Client_Hash_9a60c589e0806871","usr_d941f6ab72e921fd@anon.sme","London","Silver","2024-01-15 10:00:00"
169,"CUST-00169","Client_Hash_9778e7e2110754f4","usr_f90ac9da3f812ba2@anon.sme","Manchester","Platinum","2024-01-15 10:00:00"
170,"CUST-00170","Client_Hash_5b75c43754fad21f","usr_36cad9d1dfd73845@anon.sme","Leeds","Standard","2024-01-15 10:00:00"
171,"CUST-00171","Client_Hash_b98942641839fdad","usr_17025a5d315193a3@anon.sme","Bristol","Standard","2024-01-15 10:00:00"
172,"CUST-00172","Client_Hash_54e1a3e3ff3899c1","usr_02a2f2de1effd003@anon.sme","Edinburgh","Platinum","2024-01-15 10:00:00"
173,"CUST-00173","Client_Hash_4bafcd2b43f7ba92","usr_ad1fe599ab682b58@anon.sme","Birmingham","Silver","2024-01-15 10:00:00"
174,"CUST-00174","Client_Hash_0b62fe8e4d928183","usr_4c6c0d6e32bc5d3f@anon.sme","Manchester","Standard","2024-01-15 10:00:00"
175,"CUST-00175","Client_Hash_fad1ad3f4937c2b3","usr_0086db35ea492165@anon.sme","Bristol","Platinum","2024-01-15 10:00:00"
176,"CUST-00176","Client_Hash_03442bd5937b60d3","usr_d7b51445f9db9c56@anon.sme","Manchester","Silver","2024-01-15 10:00:00"
177,"CUST-00177","Client_Hash_abbbbeb42da1f418","usr_aca74f3bb0b565ca@anon.sme","Leeds","Gold","2024-01-15 10:00:00"
178,"CUST-00178","Client_Hash_112e02a7a8a7fe72","usr_b9619159c456bb1a@anon.sme","Manchester","Gold","2024-01-15 10:00:00"
179,"CUST-00179","Client_Hash_8fe46b749009dcdc","usr_fc0d394f863da766@anon.sme","Leeds","Gold","2024-01-15 10:00:00"
180,"CUST-00180","Client_Hash_9e13e3807afae397","usr_472ef578434a3dc6@anon.sme","London","Platinum","2024-01-15 10:00:00"
181,"CUST-00181","Client_Hash_ab2625ec83a84b1d","usr_df3af44db0193b62@anon.sme","London","Silver","2024-01-15 10:00:00"
182,"CUST-00182","Client_Hash_50f558367fe31185","usr_d4cf360729d6c05e@anon.sme","Bristol","Silver","2024-01-15 10:00:00"
183,"CUST-00183","Client_Hash_9f3a791f4cd72a30","usr_7661f6ce680e2652@anon.sme","Leeds","Platinum","2024-01-15 10:00:00"
184,"CUST-00184","Client_Hash_d0d357dfd0ef5991","usr_034df075ea345b13@anon.sme","Bristol","Gold","2024-01-15 10:00:00"
185,"CUST-00185","Client_Hash_579c96e942c955b6","usr_e1dd24bc0a1badd1@anon.sme","Leeds","Standard","2024-01-15 10:00:00"
186,"CUST-00186","Client_Hash_670b39abfd00ae71","usr_05e6a0b493077aac@anon.sme","London","Standard","2024-01-15 10:00:00"
187,"CUST-00187","Client_Hash_9465d5cf6ce116a5","usr_01e514a1f5564326@anon.sme","Glasgow","Gold","2024-01-15 10:00:00"
188,"CUST-00188","Client_Hash_ce56842479fa6284","usr_8bdaf9ae2a1ce99b@anon.sme","Manchester","Gold","2024-01-15 10:00:00"
189,"CUST-00189","Client_Hash_f628c3bfa4b6b7f8","usr_25ce50a42a926ba8@anon.sme","Manchester","Standard","2024-01-15 10:00:00"
190,"CUST-00190","Client_Hash_53c17e1d9cc59dc4","usr_bb07c0596b7030b9@anon.sme","London","Standard","2024-01-15 10:00:00"
191,"CUST-00191","Client_Hash_1d284b4c6eb04b2f","usr_c205b523668e41da@anon.sme","Birmingham","Standard","2024-01-15 10:00:00"
192,"CUST-00192","Client_Hash_7f6e92350600fa5b","usr_713604ef3ce16eea@anon.sme","Edinburgh","Platinum","2024-01-15 10:00:00"
193,"CUST-00193","Client_Hash_57da3b42e3fc0d3f","usr_c5f59db8dc0b583f@anon.sme","Birmingham","Standard","2024-01-15 10:00:00"
194,"CUST-00194","Client_Hash_7e0795c8461fcd29","usr_47a50810a37a64b8@anon.sme","Birmingham","Silver","2024-01-15 10:00:00"
195,"CUST-00195","Client_Hash_f115c43db64005bf","usr_578b18fd497c3471@anon.sme","Manchester","Silver","2024-01-15 10:00:00"
196,"CUST-00196","Client_Hash_bb200aa6bf5b407b","usr_5f2f04cfca89f201@anon.sme","Leeds","Silver","2024-01-15 10:00:00"
197,"CUST-00197","Client_Hash_fe4dc9e54258d8e9","usr_6b9d549e75b6fb36@anon.sme","Manchester","Standard","2024-01-15 10:00:00"
198,"CUST-00198","Client_Hash_d7878197ff171c6f","usr_9634b4ba5918a5f1@anon.sme","Edinburgh","Standard","2024-01-15 10:00:00"
199,"CUST-00199","Client_Hash_63e1c8bfc5092c67","usr_44683e7390814114@anon.sme","London","Gold","2024-01-15 10:00:00"
200,"CUST-00200","Client_Hash_40850f16c65e5453","usr_873e728d9f178608@anon.sme","Manchester","Platinum","2024-01-15 10:00:00"
201,"CUST-00201","Client_Hash_f65f90ff08bb4ca3","usr_346ba74e84899143@anon.sme","Bristol","Standard","2024-01-15 10:00:00"
202,"CUST-00202","Client_Hash_a5e094c44920d6a0","usr_ff6bfc9cb9edeadd@anon.sme","Birmingham","Gold","2024-01-15 10:00:00"
203,"CUST-00203","Client_Hash_a45c74cdcb4c65cc","usr_688d0d17d8ac4d4f@anon.sme","Glasgow","Gold","2024-01-15 10:00:00"
204,"CUST-00204","Client_Hash_7f40556ace1025be","usr_cbb8ff99ead7124f@anon.sme","London","Platinum","2024-01-15 10:00:00"
205,"CUST-00205","Client_Hash_04c55f81fc48482b","usr_8522009c3a966784@anon.sme","Edinburgh","Silver","2024-01-15 10:00:00"
206,"CUST-00206","Client_Hash_5905be608e9955eb","usr_d470f619fb581a6b@anon.sme","Birmingham","Platinum","2024-01-15 10:00:00"
207,"CUST-00207","Client_Hash_6628bfa38d5a3705","usr_cdd706630263d900@anon.sme","London","Silver","2024-01-15 10:00:00"
208,"CUST-00208","Client_Hash_d1dbee27fef28eaa","usr_1c516f7848589dae@anon.sme","Bristol","Standard","2024-01-15 10:00:00"
209,"CUST-00209","Client_Hash_603c81fe1968f24b","usr_23167241d8f26cae@anon.sme","Birmingham","Silver","2024-01-15 10:00:00"
210,"CUST-00210","Client_Hash_9ce1efcf8ea15b35","usr_2e82c44f3d096633@anon.sme","London","Standard","2024-01-15 10:00:00"
211,"CUST-00211","Client_Hash_ba93638825834060","usr_098abdb10a9364d2@anon.sme","Glasgow","Standard","2024-01-15 10:00:00"
212,"CUST-00212","Client_Hash_38287cdd9bc08df7","usr_aae6d60038e12b77@anon.sme","Birmingham","Gold","2024-01-15 10:00:00"
213,"CUST-00213","Client_Hash_36337caf99a01897","usr_0544ba31ebeae014@anon.sme","London","Platinum","2024-01-15 10:00:00"
214,"CUST-00214","Client_Hash_8d2adacf7d31d89f","usr_051b955e843c9b75@anon.sme","Edinburgh","Standard","2024-01-15 10:00:00"
215,"CUST-00215","Client_Hash_c32cfec5a2ba3632","usr_318ea5d1a26c25cf@anon.sme","London","Silver","2024-01-15 10:00:00"
216,"CUST-00216","Client_Hash_d4127d40cc1163a9","usr_154c23db706fb195@anon.sme","Leeds","Silver","2024-01-15 10:00:00"
217,"CUST-00217","Client_Hash_54ad2b045bc69c1d","usr_f2faa5a560fef2d1@anon.sme","Manchester","Gold","2024-01-15 10:00:00"
218,"CUST-00218","Client_Hash_774ea0a198bfae6b","usr_18249c0350b4c8cd@anon.sme","Leeds","Gold","2024-01-15 10:00:00"
219,"CUST-00219","Client_Hash_cdfee233311236d3","usr_c56fb8c30cdf0af8@anon.sme","Leeds","Platinum","2024-01-15 10:00:00"
220,"CUST-00220","Client_Hash_b5095fda041461ff","usr_9a60eb9bb7898292@anon.sme","Bristol","Platinum","2024-01-15 10:00:00"
221,"CUST-00221","Client_Hash_94f552b8489f70e8","usr_affb21d9eeb6684d@anon.sme","London","Standard","2024-01-15 10:00:00"
222,"CUST-00222","Client_Hash_7ce93e0d98cc1c48","usr_572535f48eac1c62@anon.sme","Leeds","Platinum","2024-01-15 10:00:00"
223,"CUST-00223","Client_Hash_b3edad427053ee7c","usr_a7037cd9d239b248@anon.sme","Bristol","Silver","2024-01-15 10:00:00"
224,"CUST-00224","Client_Hash_2f2c617b1ea8fcc9","usr_df3fcfca5e47fc7a@anon.sme","London","Gold","2024-01-15 10:00:00"
225,"CUST-00225","Client_Hash_7abf5b28f8a88de6","usr_e464ffba1e520db2@anon.sme","Edinburgh","Silver","2024-01-15 10:00:00"
226,"CUST-00226","Client_Hash_f3d7aed40372d815","usr_39cc1dce2dd0e4af@anon.sme","London","Platinum","2024-01-15 10:00:00"
227,"CUST-00227","Client_Hash_a6c814d97ec70a37","usr_9a6911ea845a2ab8@anon.sme","Bristol","Gold","2024-01-15 10:00:00"
228,"CUST-00228","Client_Hash_bae1a2e8efaae315","usr_74f8b3dc0a8d1a15@anon.sme","Birmingham","Standard","2024-01-15 10:00:00"
229,"CUST-00229","Client_Hash_a25cb4a046050477","usr_fd4ec4b444cc4ffa@anon.sme","London","Gold","2024-01-15 10:00:00"
230,"CUST-00230","Client_Hash_abcebd3fbdfbada8","usr_a45faa9bc5e8b25d@anon.sme","Leeds","Silver","2024-01-15 10:00:00"
231,"CUST-00231","Client_Hash_6f65a89958b42e5d","usr_ef2b284c7475c5b8@anon.sme","Edinburgh","Gold","2024-01-15 10:00:00"
232,"CUST-00232","Client_Hash_881f7b1c9d58d9ce","usr_59e6dd6b6e121f43@anon.sme","Glasgow","Standard","2024-01-15 10:00:00"
233,"CUST-00233","Client_Hash_f96ad3d66a8707bd","usr_4ee6e5cbd29cb24d@anon.sme","Edinburgh","Platinum","2024-01-15 10:00:00"
234,"CUST-00234","Client_Hash_e51d792568459bf4","usr_30bcdefff775db2c@anon.sme","Glasgow","Platinum","2024-01-15 10:00:00"
235,"CUST-00235","Client_Hash_e2f08a4bed21dc26","usr_88c8117215687479@anon.sme","Glasgow","Standard","2024-01-15 10:00:00"
236,"CUST-00236","Client_Hash_2dd9e0834f77159c","usr_e602b4dab7b9d1cd@anon.sme","Birmingham","Silver","2024-01-15 10:00:00"
237,"CUST-00237","Client_Hash_71a51d4529889a9f","usr_8f02d8b5d7b24f2e@anon.sme","Glasgow","Gold","2024-01-15 10:00:00"
238,"CUST-00238","Client_Hash_829a095303036f76","usr_7db7f4f990be0dc4@anon.sme","Manchester","Gold","2024-01-15 10:00:00"
239,"CUST-00239","Client_Hash_e78f50c0e02b0092","usr_9bcf9f18cc6f6a73@anon.sme","Bristol","Standard","2024-01-15 10:00:00"
240,"CUST-00240","Client_Hash_570e8c768c860b87","usr_b0d84b3c8a895357@anon.sme","Manchester","Standard","2024-01-15 10:00:00"
241,"CUST-00241","Client_Hash_b4d792b45a50e75c","usr_bddf1471f58ee935@anon.sme","Manchester","Platinum","2024-01-15 10:00:00"
242,"CUST-00242","Client_Hash_f22af2545e2761d1","usr_16da942d2915b3ce@anon.sme","London","Silver","2024-01-15 10:00:00"
243,"CUST-00243","Client_Hash_9e2bff0f9a4f9aeb","usr_d75f40d5a57de726@anon.sme","Bristol","Silver","2024-01-15 10:00:00"
244,"CUST-00244","Client_Hash_3d9d926cbacf4862","usr_ee5eef4412e639fb@anon.sme","Glasgow","Silver","2024-01-15 10:00:00"
245,"CUST-00245","Client_Hash_5aad3b54f8fe51ed","usr_5c1fdd853708391b@anon.sme","Leeds","Silver","2024-01-15 10:00:00"
246,"CUST-00246","Client_Hash_dd26f9bab38ec8c4","usr_a942081e80bde59f@anon.sme","Manchester","Gold","2024-01-15 10:00:00"
247,"CUST-00247","Client_Hash_7deb9354e73aea10","usr_4fef9e8092d8f373@anon.sme","London","Gold","2024-01-15 10:00:00"
248,"CUST-00248","Client_Hash_75f624de529c305a","usr_f9bf8fdbeaa156e2@anon.sme","Glasgow","Platinum","2024-01-15 10:00:00"
249,"CUST-00249","Client_Hash_dcf64b729c8cfc11","usr_8359262bc5874530@anon.sme","London","Standard","2024-01-15 10:00:00"
250,"CUST-00250","Client_Hash_530d9a8c16ad4b05","usr_6e3d322a7e7d3be7@anon.sme","London","Gold","2024-01-15 10:00:00"
251,"CUST-00251","Client_Hash_11f112b384f39488","usr_3ec254261545d599@anon.sme","London","Gold","2024-01-15 10:00:00"
252,"CUST-00252","Client_Hash_f1ac349ecb72bf73","usr_d2293947c6e54ee7@anon.sme","London","Platinum","2024-01-15 10:00:00"
253,"CUST-00253","Client_Hash_307889a5d1584236","usr_297d3f2d1f7ec6c6@anon.sme","Bristol","Silver","2024-01-15 10:00:00"
254,"CUST-00254","Client_Hash_b5fd57e73b5a20f2","usr_eba39ef799a8d46d@anon.sme","Leeds","Gold","2024-01-15 10:00:00"
255,"CUST-00255","Client_Hash_5786c4f974232485","usr_12ab03a0466c4ba8@anon.sme","Manchester","Standard","2024-01-15 10:00:00"
256,"CUST-00256","Client_Hash_2319d6a6378743b4","usr_81d08d372c2dcaf6@anon.sme","Edinburgh","Gold","2024-01-15 10:00:00"
257,"CUST-00257","Client_Hash_26393324eaef4e31","usr_ae09c2c7d65497d9@anon.sme","Leeds","Platinum","2024-01-15 10:00:00"
258,"CUST-00258","Client_Hash_e619d0f5f6e82142","usr_36956c3e059debb5@anon.sme","Edinburgh","Gold","2024-01-15 10:00:00"
259,"CUST-00259","Client_Hash_6634c8188b3e14a0","usr_7fb52171d715016f@anon.sme","Bristol","Standard","2024-01-15 10:00:00"
260,"CUST-00260","Client_Hash_100312b0d31e5db3","usr_59a45ec24e828300@anon.sme","Leeds","Gold","2024-01-15 10:00:00"
261,"CUST-00261","Client_Hash_81211f1262a598d4","usr_9ae0454cc968e1f6@anon.sme","Leeds","Silver","2024-01-15 10:00:00"
262,"CUST-00262","Client_Hash_3cfefd746ccb08bc","usr_32976c533d16e768@anon.sme","Leeds","Gold","2024-01-15 10:00:00"
263,"CUST-00263","Client_Hash_d9cced4121d5207a","usr_1aa443287db47530@anon.sme","Leeds","Standard","2024-01-15 10:00:00"
264,"CUST-00264","Client_Hash_e512cd8f797c4139","usr_facb88f386a733a7@anon.sme","London","Gold","2024-01-15 10:00:00"
265,"CUST-00265","Client_Hash_8ab8ac9dce33bca5","usr_00e420b75d5127ef@anon.sme","Leeds","Silver","2024-01-15 10:00:00"
266,"CUST-00266","Client_Hash_ec7e8056b289811e","usr_c69d72f36263324b@anon.sme","Glasgow","Silver","2024-01-15 10:00:00"
267,"CUST-00267","Client_Hash_666ae35d586e2eba","usr_0ba0a9271eaa174b@anon.sme","Leeds","Silver","2024-01-15 10:00:00"
268,"CUST-00268","Client_Hash_087f6fb2f35cd83d","usr_1547992ab62212ed@anon.sme","Glasgow","Gold","2024-01-15 10:00:00"
269,"CUST-00269","Client_Hash_06e8edc42a17f7d8","usr_cdae07e6d96579f2@anon.sme","London","Platinum","2024-01-15 10:00:00"
270,"CUST-00270","Client_Hash_be419d51fe36a51f","usr_cdbea5384d189b0b@anon.sme","Edinburgh","Standard","2024-01-15 10:00:00"
271,"CUST-00271","Client_Hash_dd43b0adb3d53727","usr_fd3059cf1401d2bd@anon.sme","Bristol","Platinum","2024-01-15 10:00:00"
272,"CUST-00272","Client_Hash_b360508d47d385b2","usr_373cc591357432cc@anon.sme","Manchester","Gold","2024-01-15 10:00:00"
273,"CUST-00273","Client_Hash_927d5f3db476ccb3","usr_eb5c29e52c3be2d0@anon.sme","Glasgow","Silver","2024-01-15 10:00:00"
274,"CUST-00274","Client_Hash_73827b6394d53e15","usr_a5c9296a9b74e8f0@anon.sme","Bristol","Platinum","2024-01-15 10:00:00"
275,"CUST-00275","Client_Hash_5ee7e963084b482d","usr_967a26e5e48ca469@anon.sme","Manchester","Gold","2024-01-15 10:00:00"
276,"CUST-00276","Client_Hash_f0a4829b983670ef","usr_ed6cdf8fa46f3014@anon.sme","Birmingham","Platinum","2024-01-15 10:00:00"
277,"CUST-00277","Client_Hash_9e835415bab00a66","usr_6595e474e8155ed1@anon.sme","Manchester","Gold","2024-01-15 10:00:00"
278,"CUST-00278","Client_Hash_eaa1d823225be814","usr_c2fec4dbc7924cd2@anon.sme","Bristol","Gold","2024-01-15 10:00:00"
279,"CUST-00279","Client_Hash_3b99bf8fb0f4bc4c","usr_f3e03ed21dffb85e@anon.sme","Manchester","Gold","2024-01-15 10:00:00"
280,"CUST-00280","Client_Hash_211d57822ab71bd1","usr_3deb0445466f3cf7@anon.sme","Manchester","Silver","2024-01-15 10:00:00"
281,"CUST-00281","Client_Hash_0a7777138ffa1813","usr_2d649167ff31e824@anon.sme","Bristol","Gold","2024-01-15 10:00:00"
282,"CUST-00282","Client_Hash_7fd0c626f5f93b2e","usr_74c3871606feade4@anon.sme","Birmingham","Platinum","2024-01-15 10:00:00"
283,"CUST-00283","Client_Hash_ea1b4cff9007fcde","usr_fb7fc09358fd5248@anon.sme","Manchester","Silver","2024-01-15 10:00:00"
284,"CUST-00284","Client_Hash_bc663a4831954430","usr_0b700c37efd726e3@anon.sme","London","Gold","2024-01-15 10:00:00"
285,"CUST-00285","Client_Hash_0038a8b576dfd897","usr_7c9768bab6a7834d@anon.sme","Birmingham","Standard","2024-01-15 10:00:00"
286,"CUST-00286","Client_Hash_76c7aaed4e630c52","usr_385e594499c62f57@anon.sme","Leeds","Silver","2024-01-15 10:00:00"
287,"CUST-00287","Client_Hash_6c3056afb038dc78","usr_ac83b2b4955f6b75@anon.sme","Manchester","Silver","2024-01-15 10:00:00"
288,"CUST-00288","Client_Hash_1e5067f2b655f047","usr_239fcdca3f67a051@anon.sme","Leeds","Standard","2024-01-15 10:00:00"
289,"CUST-00289","Client_Hash_6b63d32c1e2054b9","usr_271b16509a24bc66@anon.sme","Leeds","Silver","2024-01-15 10:00:00"
290,"CUST-00290","Client_Hash_4e9d33466b37cd65","usr_410642d3eb6b162c@anon.sme","Leeds","Standard","2024-01-15 10:00:00"
291,"CUST-00291","Client_Hash_4eda70f097f7771c","usr_438ed6901f5b8294@anon.sme","London","Platinum","2024-01-15 10:00:00"
292,"CUST-00292","Client_Hash_e2f36638c84d21f6","usr_68f07bdeb6c29220@anon.sme","Glasgow","Gold","2024-01-15 10:00:00"
293,"CUST-00293","Client_Hash_23b16c2f476626ec","usr_b91f283e72aa3e8e@anon.sme","Birmingham","Platinum","2024-01-15 10:00:00"
294,"CUST-00294","Client_Hash_f664b6cf5c08cd6d","usr_07fe88228e94e941@anon.sme","Edinburgh","Standard","2024-01-15 10:00:00"
295,"CUST-00295","Client_Hash_06b74496769796df","usr_c1d542d69cd6dbce@anon.sme","Manchester","Silver","2024-01-15 10:00:00"
296,"CUST-00296","Client_Hash_9fc9bd6074df4d62","usr_90eb8cde9563ddef@anon.sme","London","Gold","2024-01-15 10:00:00"
297,"CUST-00297","Client_Hash_5e80ff32f5abee97","usr_90ecc3f36ceaf82a@anon.sme","Birmingham","Silver","2024-01-15 10:00:00"
298,"CUST-00298","Client_Hash_79b2457321bd0ca0","usr_27359185f5d57aca@anon.sme","Glasgow","Silver","2024-01-15 10:00:00"
299,"CUST-00299","Client_Hash_3353d081ee48bf32","usr_677d006fd1e09538@anon.sme","Glasgow","Platinum","2024-01-15 10:00:00"
300,"CUST-00300","Client_Hash_82fc453991144a8f","usr_7d1f5c94bddafb24@anon.sme","Edinburgh","Silver","2024-01-15 10:00:00"
301,"CUST-00301","Client_Hash_987ee53ca9ba977a","usr_1c0086c778f4a88c@anon.sme","Bristol","Standard","2024-01-15 10:00:00"
302,"CUST-00302","Client_Hash_73ead4f2e892b4f7","usr_54505345480c76a8@anon.sme","Manchester","Silver","2024-01-15 10:00:00"
303,"CUST-00303","Client_Hash_f1d06070ef463c91","usr_80640090ed5ad9bf@anon.sme","Birmingham","Platinum","2024-01-15 10:00:00"
304,"CUST-00304","Client_Hash_4d81205fbd1805da","usr_1f9a36f0ed4c31b6@anon.sme","Birmingham","Platinum","2024-01-15 10:00:00"
305,"CUST-00305","Client_Hash_460f7d7db1b899b4","usr_38b37776dbf9ee7f@anon.sme","Edinburgh","Platinum","2024-01-15 10:00:00"
306,"CUST-00306","Client_Hash_d7cce9c64f335eab","usr_c638ffa88efa7d48@anon.sme","London","Silver","2024-01-15 10:00:00"
307,"CUST-00307","Client_Hash_4ec4854b6934ce61","usr_78ac9a5ad56bd1e1@anon.sme","Bristol","Platinum","2024-01-15 10:00:00"
308,"CUST-00308","Client_Hash_a5b0c652b299a68a","usr_60c0d4157cc90463@anon.sme","Birmingham","Gold","2024-01-15 10:00:00"
309,"CUST-00309","Client_Hash_d83d4386412ce48e","usr_e9c084306c1e4c6c@anon.sme","Leeds","Silver","2024-01-15 10:00:00"
310,"CUST-00310","Client_Hash_b00eca260aa4390d","usr_1a54fafe1db551be@anon.sme","Birmingham","Standard","2024-01-15 10:00:00"
311,"CUST-00311","Client_Hash_0f917a290e95d77f","usr_4233a9dc10abf5c3@anon.sme","London","Standard","2024-01-15 10:00:00"
312,"CUST-00312","Client_Hash_dade0b5bd69979fc","usr_efd7ea6a200a9ec4@anon.sme","Edinburgh","Silver","2024-01-15 10:00:00"
313,"CUST-00313","Client_Hash_c3f1e56bdade56ea","usr_a80055d2208ee5a1@anon.sme","Birmingham","Gold","2024-01-15 10:00:00"
314,"CUST-00314","Client_Hash_c455a4fa6b57304d","usr_3210139c8b009556@anon.sme","Glasgow","Platinum","2024-01-15 10:00:00"
315,"CUST-00315","Client_Hash_fcecbc29d96010da","usr_d5e3811d466ff288@anon.sme","Bristol","Silver","2024-01-15 10:00:00"
316,"CUST-00316","Client_Hash_afb27d82da00f15b","usr_03ca91f873d1a90b@anon.sme","Leeds","Gold","2024-01-15 10:00:00"
317,"CUST-00317","Client_Hash_a007560901f1f84b","usr_38db351ec77d7766@anon.sme","Birmingham","Silver","2024-01-15 10:00:00"
318,"CUST-00318","Client_Hash_9921d741d5a3b571","usr_35432c7f0d50ede5@anon.sme","London","Silver","2024-01-15 10:00:00"
319,"CUST-00319","Client_Hash_ce158c15d40ffe93","usr_15a270f25dccd02e@anon.sme","Leeds","Gold","2024-01-15 10:00:00"
320,"CUST-00320","Client_Hash_ebd6ae3bd284bab7","usr_0dfb54ab06dbde71@anon.sme","Birmingham","Standard","2024-01-15 10:00:00"
321,"CUST-00321","Client_Hash_7dbb7dbd3b706737","usr_301d15123a4cd402@anon.sme","Bristol","Platinum","2024-01-15 10:00:00"
322,"CUST-00322","Client_Hash_c1408c768498a423","usr_b6cb734b39121668@anon.sme","Birmingham","Standard","2024-01-15 10:00:00"
323,"CUST-00323","Client_Hash_8da2248d7f3b10f9","usr_551e6537b29125c8@anon.sme","Edinburgh","Platinum","2024-01-15 10:00:00"
324,"CUST-00324","Client_Hash_e12d0a8ec0b1ebf8","usr_cea0db9a37f9c3f5@anon.sme","Edinburgh","Platinum","2024-01-15 10:00:00"
325,"CUST-00325","Client_Hash_4ef7a327ab3363fc","usr_4032f7b9445b2f8a@anon.sme","London","Platinum","2024-01-15 10:00:00"
326,"CUST-00326","Client_Hash_b0f712059eef0758","usr_e58045d107b450a4@anon.sme","Birmingham","Gold","2024-01-15 10:00:00"
327,"CUST-00327","Client_Hash_88a646b82347c740","usr_1fa9017d0a352b7f@anon.sme","Manchester","Platinum","2024-01-15 10:00:00"
328,"CUST-00328","Client_Hash_f2f3321297d9829c","usr_1d2917b8325b9084@anon.sme","Glasgow","Gold","2024-01-15 10:00:00"
329,"CUST-00329","Client_Hash_bb3944bb1f974837","usr_40da6b657eafbe90@anon.sme","Glasgow","Gold","2024-01-15 10:00:00"
330,"CUST-00330","Client_Hash_933b94ede7972d0a","usr_ae8705249a6b4785@anon.sme","Edinburgh","Gold","2024-01-15 10:00:00"
331,"CUST-00331","Client_Hash_db6cc910e7804f0e","usr_c525bc1cecdb6d84@anon.sme","Edinburgh","Standard","2024-01-15 10:00:00"
332,"CUST-00332","Client_Hash_b89bc5a056af78e0","usr_2146a781ed8bb259@anon.sme","Edinburgh","Silver","2024-01-15 10:00:00"
333,"CUST-00333","Client_Hash_b8cc5607f6a34131","usr_a5453e95113f9488@anon.sme","Glasgow","Silver","2024-01-15 10:00:00"
334,"CUST-00334","Client_Hash_34d99e2bbb7c05a5","usr_88a6a481dce80eef@anon.sme","Glasgow","Standard","2024-01-15 10:00:00"
335,"CUST-00335","Client_Hash_ce38677f82935073","usr_ea466c804bd1fd2f@anon.sme","London","Gold","2024-01-15 10:00:00"
336,"CUST-00336","Client_Hash_07d346890d2a257d","usr_54862530f11907f2@anon.sme","Edinburgh","Standard","2024-01-15 10:00:00"
337,"CUST-00337","Client_Hash_d6f79dfbf0cf68a6","usr_b3d113233d6a6753@anon.sme","Bristol","Standard","2024-01-15 10:00:00"
338,"CUST-00338","Client_Hash_58c4984745a1a5e3","usr_acca0a9f0331f913@anon.sme","Manchester","Silver","2024-01-15 10:00:00"
339,"CUST-00339","Client_Hash_d4d97367a628a6cc","usr_32100a1f3939a5de@anon.sme","Birmingham","Platinum","2024-01-15 10:00:00"
340,"CUST-00340","Client_Hash_ff17ac077f30cb42","usr_f2fecc3e90f6ed32@anon.sme","Manchester","Gold","2024-01-15 10:00:00"
341,"CUST-00341","Client_Hash_95a2720459ca3622","usr_05e9159bc1eb157a@anon.sme","Bristol","Standard","2024-01-15 10:00:00"
342,"CUST-00342","Client_Hash_7ab8d6fe5c846ae6","usr_30c22f7bf2c5a734@anon.sme","London","Silver","2024-01-15 10:00:00"
343,"CUST-00343","Client_Hash_4296e0c7b13e5dfd","usr_f11011dc79d77a79@anon.sme","Leeds","Standard","2024-01-15 10:00:00"
344,"CUST-00344","Client_Hash_e31745452fad379b","usr_c84d51214c92cec7@anon.sme","Bristol","Silver","2024-01-15 10:00:00"
345,"CUST-00345","Client_Hash_0d9ed8d0cc9a8cf4","usr_5bdb4b98c7230787@anon.sme","Glasgow","Platinum","2024-01-15 10:00:00"
346,"CUST-00346","Client_Hash_c7ac89c1d7abfab9","usr_0fb98e07f93c4d8f@anon.sme","Bristol","Silver","2024-01-15 10:00:00"
347,"CUST-00347","Client_Hash_8a5e9cc81cb783a7","usr_ef1f1a649e933b11@anon.sme","Leeds","Platinum","2024-01-15 10:00:00"
348,"CUST-00348","Client_Hash_3b1e4bf671597612","usr_d6ec38cb8d9f28c5@anon.sme","London","Silver","2024-01-15 10:00:00"
349,"CUST-00349","Client_Hash_15379a6b67983686","usr_cb22c9254959e056@anon.sme","Birmingham","Silver","2024-01-15 10:00:00"
350,"CUST-00350","Client_Hash_4c36ab257d73bc66","usr_9b1f5f826f0e875b@anon.sme","Manchester","Silver","2024-01-15 10:00:00"
351,"CUST-00351","Client_Hash_e764e64d91244d9e","usr_07baa68c310acaf3@anon.sme","Bristol","Gold","2024-01-15 10:00:00"
352,"CUST-00352","Client_Hash_57a64c086cd12df7","usr_ab0730352930d6a0@anon.sme","London","Standard","2024-01-15 10:00:00"
353,"CUST-00353","Client_Hash_16fb4397dd5fd7de","usr_e47ee73e476ffa2e@anon.sme","Birmingham","Silver","2024-01-15 10:00:00"
354,"CUST-00354","Client_Hash_050a0902cd8f70b8","usr_58bf1af4ca9b4f3a@anon.sme","Glasgow","Gold","2024-01-15 10:00:00"
355,"CUST-00355","Client_Hash_aa6e8fa519eab0e4","usr_0c71299eda036f80@anon.sme","Bristol","Gold","2024-01-15 10:00:00"
356,"CUST-00356","Client_Hash_c010a53947ed586f","usr_21c0463482a8adda@anon.sme","Manchester","Gold","2024-01-15 10:00:00"
357,"CUST-00357","Client_Hash_e4de2c73ecbc4364","usr_aa7bbe0ebbc67d96@anon.sme","Birmingham","Platinum","2024-01-15 10:00:00"
358,"CUST-00358","Client_Hash_bb7ffff51e707f30","usr_8d1e0ea0399a5d7f@anon.sme","Edinburgh","Silver","2024-01-15 10:00:00"
359,"CUST-00359","Client_Hash_09bb6003217c3573","usr_180c0bd99b6e1764@anon.sme","Glasgow","Gold","2024-01-15 10:00:00"
360,"CUST-00360","Client_Hash_449189cc4db689d5","usr_5c644e94065359f2@anon.sme","Manchester","Platinum","2024-01-15 10:00:00"
361,"CUST-00361","Client_Hash_95b4ba05dffd64f1","usr_72a8e9889f5658f7@anon.sme","Glasgow","Gold","2024-01-15 10:00:00"
362,"CUST-00362","Client_Hash_b638cf778a9d3c26","usr_aa6395c784b518db@anon.sme","Glasgow","Platinum","2024-01-15 10:00:00"
363,"CUST-00363","Client_Hash_74493d84b7a8be61","usr_9be5781b89e5163c@anon.sme","Leeds","Platinum","2024-01-15 10:00:00"
364,"CUST-00364","Client_Hash_ffd17875f1592f6e","usr_3e82a00a2a680356@anon.sme","Birmingham","Platinum","2024-01-15 10:00:00"
365,"CUST-00365","Client_Hash_4c54a050e2dc3f37","usr_13975b8618173555@anon.sme","Manchester","Gold","2024-01-15 10:00:00"
366,"CUST-00366","Client_Hash_47c3ce3ee73eb043","usr_13738392672d2c9d@anon.sme","Bristol","Silver","2024-01-15 10:00:00"
367,"CUST-00367","Client_Hash_25fb8f97dd08947e","usr_8de29dfecba32b2a@anon.sme","Glasgow","Silver","2024-01-15 10:00:00"
368,"CUST-00368","Client_Hash_14d5a4efdf4c2d77","usr_aa4e8de866532eb7@anon.sme","Edinburgh","Silver","2024-01-15 10:00:00"
369,"CUST-00369","Client_Hash_7e4e7618f7e557c2","usr_4a37bfb4928c8325@anon.sme","Glasgow","Platinum","2024-01-15 10:00:00"
370,"CUST-00370","Client_Hash_2152cc732de57680","usr_26fb60c0bcba306c@anon.sme","Manchester","Gold","2024-01-15 10:00:00"
371,"CUST-00371","Client_Hash_721eddcd0976989c","usr_148b7ca0dbd66721@anon.sme","Birmingham","Gold","2024-01-15 10:00:00"
372,"CUST-00372","Client_Hash_1fc9ca347f24a08c","usr_4e81eebbbfb977ec@anon.sme","Bristol","Gold","2024-01-15 10:00:00"
373,"CUST-00373","Client_Hash_79cc084c36742711","usr_7f1b5aea7258f52b@anon.sme","Edinburgh","Gold","2024-01-15 10:00:00"
374,"CUST-00374","Client_Hash_25821eec9d15da89","usr_9c4460f6673ed98b@anon.sme","Glasgow","Silver","2024-01-15 10:00:00"
375,"CUST-00375","Client_Hash_c1a0371842136d37","usr_35484ab276842d86@anon.sme","Edinburgh","Platinum","2024-01-15 10:00:00"
376,"CUST-00376","Client_Hash_686d0644def512bd","usr_33d1277d1f76c056@anon.sme","Manchester","Silver","2024-01-15 10:00:00"
377,"CUST-00377","Client_Hash_cfd7deed59aabaeb","usr_67f68fd15bcfaeaa@anon.sme","London","Gold","2024-01-15 10:00:00"
378,"CUST-00378","Client_Hash_838e1fbb96572f2c","usr_d66c28de81e190b2@anon.sme","Manchester","Platinum","2024-01-15 10:00:00"
379,"CUST-00379","Client_Hash_290f121d2d57c8bd","usr_abfe7e3c76d70225@anon.sme","Leeds","Gold","2024-01-15 10:00:00"
380,"CUST-00380","Client_Hash_2bbf8c5e98633105","usr_8af1ec1fe4570e55@anon.sme","Edinburgh","Gold","2024-01-15 10:00:00"
381,"CUST-00381","Client_Hash_65e83906a95a4aee","usr_1801d700ab3c5c4d@anon.sme","Edinburgh","Platinum","2024-01-15 10:00:00"
382,"CUST-00382","Client_Hash_1806e671fe67ae53","usr_9ea26363cbdcc15c@anon.sme","Leeds","Gold","2024-01-15 10:00:00"
383,"CUST-00383","Client_Hash_671b7ec2d562895b","usr_926d7e9b18336bdc@anon.sme","London","Gold","2024-01-15 10:00:00"
384,"CUST-00384","Client_Hash_4fa651c4e29786ed","usr_1f49ef7cc705ec5a@anon.sme","Glasgow","Silver","2024-01-15 10:00:00"
385,"CUST-00385","Client_Hash_9d1bf980e1eabeaf","usr_7d35e2677eb36c4d@anon.sme","Edinburgh","Platinum","2024-01-15 10:00:00"
386,"CUST-00386","Client_Hash_253a1e9483c1b51f","usr_23a09ef7e10a0ea6@anon.sme","Manchester","Platinum","2024-01-15 10:00:00"
387,"CUST-00387","Client_Hash_7fa1102eb4c672d3","usr_1931a9ed01fdb134@anon.sme","Leeds","Standard","2024-01-15 10:00:00"
388,"CUST-00388","Client_Hash_f68c2a102bd147ed","usr_ecb9ab383f93a5d7@anon.sme","Bristol","Gold","2024-01-15 10:00:00"
389,"CUST-00389","Client_Hash_8cd1866543fd65bd","usr_00e8edaf86ce0c78@anon.sme","Glasgow","Platinum","2024-01-15 10:00:00"
390,"CUST-00390","Client_Hash_6cd24e4ef1c921f9","usr_b6e02abf331f1927@anon.sme","Manchester","Gold","2024-01-15 10:00:00"
391,"CUST-00391","Client_Hash_52fd88820ca7ca7a","usr_7f77e57975612b15@anon.sme","Bristol","Standard","2024-01-15 10:00:00"
392,"CUST-00392","Client_Hash_0721e4934be9a891","usr_51380524329558ea@anon.sme","Bristol","Standard","2024-01-15 10:00:00"
393,"CUST-00393","Client_Hash_6be2e2ccdaa029a8","usr_0ba735ddac6f3fcc@anon.sme","London","Gold","2024-01-15 10:00:00"
394,"CUST-00394","Client_Hash_6ddec37891e7a30c","usr_83b3f190686b3aca@anon.sme","London","Silver","2024-01-15 10:00:00"
395,"CUST-00395","Client_Hash_34cec0993b3abe3d","usr_a51b0b96c4389fdd@anon.sme","Glasgow","Platinum","2024-01-15 10:00:00"
396,"CUST-00396","Client_Hash_ad2f0144c9e8de2d","usr_03c062df981f68ac@anon.sme","Glasgow","Silver","2024-01-15 10:00:00"
397,"CUST-00397","Client_Hash_982f8334803e966e","usr_1e09a093cc2c2ba5@anon.sme","London","Silver","2024-01-15 10:00:00"
398,"CUST-00398","Client_Hash_57e0e2dd6b141067","usr_7eb102a69368ff38@anon.sme","Leeds","Silver","2024-01-15 10:00:00"
399,"CUST-00399","Client_Hash_264fc31bc2ceaf4c","usr_d1a1f49901cb5a02@anon.sme","Edinburgh","Gold","2024-01-15 10:00:00"
400,"CUST-00400","Client_Hash_4b6254db4ad1038f","usr_aa0d25c3418516c7@anon.sme","Manchester","Standard","2024-01-15 10:00:00"
401,"CUST-00401","Client_Hash_29663d668d05cdda","usr_6e6c53ba039549db@anon.sme","London","Silver","2024-01-15 10:00:00"
402,"CUST-00402","Client_Hash_bfe0f63cae78638d","usr_ff5750e45ac43b26@anon.sme","Manchester","Platinum","2024-01-15 10:00:00"
403,"CUST-00403","Client_Hash_ee7a11587fc0f56d","usr_06d4e1b965bd26c5@anon.sme","Manchester","Standard","2024-01-15 10:00:00"
404,"CUST-00404","Client_Hash_8e81f5d3c0d01b91","usr_6b89e6c88c426417@anon.sme","London","Gold","2024-01-15 10:00:00"
405,"CUST-00405","Client_Hash_8b0fb4ccf7ce59f8","usr_ea2064362a28f49d@anon.sme","Bristol","Platinum","2024-01-15 10:00:00"
406,"CUST-00406","Client_Hash_6801e8e9af51b8e4","usr_44cd19a36478c820@anon.sme","Glasgow","Standard","2024-01-15 10:00:00"
407,"CUST-00407","Client_Hash_8a30b3d31ba65216","usr_ffd335131b765dcd@anon.sme","Bristol","Gold","2024-01-15 10:00:00"
408,"CUST-00408","Client_Hash_ec2ac746c6fa7d92","usr_320017a73cbef4ab@anon.sme","Glasgow","Standard","2024-01-15 10:00:00"
409,"CUST-00409","Client_Hash_1251952b2c3de11f","usr_889a3b6e6cf78e89@anon.sme","Leeds","Standard","2024-01-15 10:00:00"
410,"CUST-00410","Client_Hash_955f36e1531e22ed","usr_f6464933f3f13b9b@anon.sme","Birmingham","Standard","2024-01-15 10:00:00"
411,"CUST-00411","Client_Hash_f31c66d23bb297bb","usr_9d834bf6831e2c11@anon.sme","Glasgow","Platinum","2024-01-15 10:00:00"
412,"CUST-00412","Client_Hash_a997ae2c43014d61","usr_02af0f9d4dc33f6f@anon.sme","Glasgow","Silver","2024-01-15 10:00:00"
413,"CUST-00413","Client_Hash_c6094d12eed60bdf","usr_d9ccc11575b48b0e@anon.sme","Glasgow","Platinum","2024-01-15 10:00:00"
414,"CUST-00414","Client_Hash_d740175246c0931b","usr_deda7b370b7d2358@anon.sme","Bristol","Standard","2024-01-15 10:00:00"
415,"CUST-00415","Client_Hash_475c89253a671311","usr_20154c47f77d5f3a@anon.sme","Manchester","Platinum","2024-01-15 10:00:00"
416,"CUST-00416","Client_Hash_3a6536d835dc21e7","usr_c70c6ae5259fc1b2@anon.sme","Edinburgh","Silver","2024-01-15 10:00:00"
417,"CUST-00417","Client_Hash_10a46909bbfa563d","usr_639e932bbc85e1f3@anon.sme","Bristol","Silver","2024-01-15 10:00:00"
418,"CUST-00418","Client_Hash_5c3cffc5f637c7bf","usr_f4e9306dd4edab41@anon.sme","Glasgow","Gold","2024-01-15 10:00:00"
419,"CUST-00419","Client_Hash_86f32260e8cb63e4","usr_7c6c7d70faab6aad@anon.sme","Birmingham","Silver","2024-01-15 10:00:00"
420,"CUST-00420","Client_Hash_caa0a6ed3a90904b","usr_5a6a4080dbedcb85@anon.sme","Manchester","Gold","2024-01-15 10:00:00"
421,"CUST-00421","Client_Hash_6757486abb7d0930","usr_0f03d806dc3253b0@anon.sme","Birmingham","Standard","2024-01-15 10:00:00"
422,"CUST-00422","Client_Hash_b0aa2fe7edaedb98","usr_13286b3ad03d2b8f@anon.sme","Glasgow","Platinum","2024-01-15 10:00:00"
423,"CUST-00423","Client_Hash_69b0d6f3301bedb9","usr_5b0d34e0142837a3@anon.sme","Glasgow","Silver","2024-01-15 10:00:00"
424,"CUST-00424","Client_Hash_253514237cb6c995","usr_d097257c7564f4f6@anon.sme","London","Standard","2024-01-15 10:00:00"
425,"CUST-00425","Client_Hash_e88b9bb14cf597a3","usr_e0a729829ba6ebba@anon.sme","Manchester","Standard","2024-01-15 10:00:00"
426,"CUST-00426","Client_Hash_a48055cf32a26577","usr_66b48b9d8e2c70c0@anon.sme","Leeds","Platinum","2024-01-15 10:00:00"
427,"CUST-00427","Client_Hash_fd0d1f78e3adbeaf","usr_9c3641f79998e180@anon.sme","Edinburgh","Standard","2024-01-15 10:00:00"
428,"CUST-00428","Client_Hash_d81f577ef3a28f25","usr_b04dda66f074513a@anon.sme","Edinburgh","Platinum","2024-01-15 10:00:00"
429,"CUST-00429","Client_Hash_3f5b06713ecbc8a6","usr_e39ee9a2e7da3929@anon.sme","Edinburgh","Silver","2024-01-15 10:00:00"
430,"CUST-00430","Client_Hash_91558ca0bf323ef3","usr_98a9cae7bbe2bd3c@anon.sme","London","Gold","2024-01-15 10:00:00"
431,"CUST-00431","Client_Hash_3dcf3e16f7ed89df","usr_7b95d636397e3d87@anon.sme","Leeds","Standard","2024-01-15 10:00:00"
432,"CUST-00432","Client_Hash_7d7322c0c3337a55","usr_776e52ffe1457be0@anon.sme","Leeds","Platinum","2024-01-15 10:00:00"
433,"CUST-00433","Client_Hash_3a99217b1cb884f3","usr_73f39e87ca9b5c8c@anon.sme","Birmingham","Silver","2024-01-15 10:00:00"
434,"CUST-00434","Client_Hash_2ca6d8b999cdb6fa","usr_cc3dddb12b0d0a91@anon.sme","Manchester","Platinum","2024-01-15 10:00:00"
435,"CUST-00435","Client_Hash_284c09f4ad4eeb9e","usr_00bbcedb6d15db4c@anon.sme","London","Standard","2024-01-15 10:00:00"
436,"CUST-00436","Client_Hash_f1929084578ffbce","usr_b3cd0133fce6503c@anon.sme","Birmingham","Standard","2024-01-15 10:00:00"
437,"CUST-00437","Client_Hash_f1fe8575be811825","usr_130329e33f722dfe@anon.sme","London","Silver","2024-01-15 10:00:00"
438,"CUST-00438","Client_Hash_b3716a6617b2619b","usr_3ebbf78a74276e12@anon.sme","London","Platinum","2024-01-15 10:00:00"
439,"CUST-00439","Client_Hash_ff3736196dd8ba83","usr_c63f1c3c531ebb3c@anon.sme","London","Silver","2024-01-15 10:00:00"
440,"CUST-00440","Client_Hash_609ccad7f5a058c4","usr_6cc92184f945bb5c@anon.sme","Manchester","Silver","2024-01-15 10:00:00"
441,"CUST-00441","Client_Hash_b747f2a347bc45ba","usr_6ea46f41e3d8b29c@anon.sme","Edinburgh","Standard","2024-01-15 10:00:00"
442,"CUST-00442","Client_Hash_cdc47754c8b991ee","usr_0d7a62c053b64afb@anon.sme","Glasgow","Silver","2024-01-15 10:00:00"
443,"CUST-00443","Client_Hash_b794c8d6d7dd6519","usr_ed221bd50a48047e@anon.sme","Birmingham","Standard","2024-01-15 10:00:00"
444,"CUST-00444","Client_Hash_c3546d41ff88d3f8","usr_b908f4456c575ac4@anon.sme","Edinburgh","Platinum","2024-01-15 10:00:00"
445,"CUST-00445","Client_Hash_baa9586b16e58436","usr_f9c38ef43d5b7ac9@anon.sme","Leeds","Silver","2024-01-15 10:00:00"
446,"CUST-00446","Client_Hash_e3ece48d12778809","usr_009818f1ea325ad6@anon.sme","Glasgow","Standard","2024-01-15 10:00:00"
447,"CUST-00447","Client_Hash_7aed9cb25681700d","usr_e501edc55c248735@anon.sme","Birmingham","Platinum","2024-01-15 10:00:00"
448,"CUST-00448","Client_Hash_21055cf2f67a8fcb","usr_3df3124e90b075e7@anon.sme","Birmingham","Gold","2024-01-15 10:00:00"
449,"CUST-00449","Client_Hash_765da3df98efdab0","usr_119df6e4e65989fc@anon.sme","Bristol","Standard","2024-01-15 10:00:00"
450,"CUST-00450","Client_Hash_0a53f5e195cef689","usr_d22c763b2aafec54@anon.sme","Bristol","Standard","2024-01-15 10:00:00"
451,"CUST-00451","Client_Hash_d72a576977396bf5","usr_90072abab778bf25@anon.sme","Glasgow","Standard","2024-01-15 10:00:00"
452,"CUST-00452","Client_Hash_997c2546ec7f876f","usr_ea8f8fad06157e12@anon.sme","Bristol","Gold","2024-01-15 10:00:00"
453,"CUST-00453","Client_Hash_59d306276105df4d","usr_f67c8bf74411956c@anon.sme","Edinburgh","Gold","2024-01-15 10:00:00"
454,"CUST-00454","Client_Hash_c183ec343eb362d1","usr_9c6481c81e8911a9@anon.sme","Leeds","Silver","2024-01-15 10:00:00"
455,"CUST-00455","Client_Hash_ea12885c2ac00101","usr_36564468dae649e9@anon.sme","Birmingham","Platinum","2024-01-15 10:00:00"
456,"CUST-00456","Client_Hash_ad4025baf4d2ed07","usr_dd07b5b30ac43323@anon.sme","Leeds","Silver","2024-01-15 10:00:00"
457,"CUST-00457","Client_Hash_5660551521083216","usr_9cbe1fb930f931aa@anon.sme","Manchester","Platinum","2024-01-15 10:00:00"
458,"CUST-00458","Client_Hash_2dbda22a4de7427d","usr_49c55e9d89c2d4fc@anon.sme","Bristol","Platinum","2024-01-15 10:00:00"
459,"CUST-00459","Client_Hash_75b7184723873f7f","usr_1c1bc257b59aa3f4@anon.sme","Bristol","Silver","2024-01-15 10:00:00"
460,"CUST-00460","Client_Hash_439704ed6c9191fd","usr_de984629684396fc@anon.sme","Bristol","Silver","2024-01-15 10:00:00"
461,"CUST-00461","Client_Hash_7f86e500bd064d45","usr_22c892214683602e@anon.sme","Glasgow","Gold","2024-01-15 10:00:00"
462,"CUST-00462","Client_Hash_33b2175f474f32c7","usr_902a310ddee09819@anon.sme","Birmingham","Platinum","2024-01-15 10:00:00"
463,"CUST-00463","Client_Hash_5ce4f7c37e97e9b9","usr_e1d2a97b02bf4b5d@anon.sme","London","Standard","2024-01-15 10:00:00"
464,"CUST-00464","Client_Hash_22b207869e6aa8c7","usr_c71cd3fcbf69802c@anon.sme","Leeds","Gold","2024-01-15 10:00:00"
465,"CUST-00465","Client_Hash_331e014abc07aef1","usr_6aa020f7a69fe2f5@anon.sme","London","Platinum","2024-01-15 10:00:00"
466,"CUST-00466","Client_Hash_50c5c88fb33458de","usr_af15775cbc09c61d@anon.sme","London","Silver","2024-01-15 10:00:00"
467,"CUST-00467","Client_Hash_aa6c1870be0b5fad","usr_3fd84170ecb1b137@anon.sme","London","Platinum","2024-01-15 10:00:00"
468,"CUST-00468","Client_Hash_fe130c2608319e37","usr_e1add21b9396b6ca@anon.sme","Leeds","Gold","2024-01-15 10:00:00"
469,"CUST-00469","Client_Hash_d9883e6010648e2a","usr_b621fdf58924dd53@anon.sme","Birmingham","Silver","2024-01-15 10:00:00"
470,"CUST-00470","Client_Hash_45c65fa10c9c405c","usr_61a535e0c8f038fd@anon.sme","Manchester","Gold","2024-01-15 10:00:00"
471,"CUST-00471","Client_Hash_dca5770b991ef258","usr_754b2d4cc85160a6@anon.sme","Leeds","Gold","2024-01-15 10:00:00"
472,"CUST-00472","Client_Hash_68771b9f58903255","usr_d82e6bd8080c34da@anon.sme","London","Platinum","2024-01-15 10:00:00"
473,"CUST-00473","Client_Hash_375b3b50a7163c90","usr_4bf36da1aa71a9ed@anon.sme","Bristol","Standard","2024-01-15 10:00:00"
474,"CUST-00474","Client_Hash_0edc3350fc28a730","usr_d01f0fe3f3416264@anon.sme","Manchester","Platinum","2024-01-15 10:00:00"
475,"CUST-00475","Client_Hash_543264ccc6bebd92","usr_ef3b51a2343974da@anon.sme","Leeds","Platinum","2024-01-15 10:00:00"
476,"CUST-00476","Client_Hash_9935767ec8081e36","usr_ad8bd0883dae9e21@anon.sme","Glasgow","Platinum","2024-01-15 10:00:00"
477,"CUST-00477","Client_Hash_6c58fe26644674b1","usr_8585845bac8a115c@anon.sme","Edinburgh","Standard","2024-01-15 10:00:00"
478,"CUST-00478","Client_Hash_d4b15c9111dd9091","usr_eddb730b51e64fee@anon.sme","Bristol","Platinum","2024-01-15 10:00:00"
479,"CUST-00479","Client_Hash_cdb073a492e64188","usr_2c7385221414c44e@anon.sme","Glasgow","Gold","2024-01-15 10:00:00"
480,"CUST-00480","Client_Hash_3ee18d182ddac5f2","usr_5adcb1c74121fcb4@anon.sme","Leeds","Silver","2024-01-15 10:00:00"
481,"CUST-00481","Client_Hash_b9276c6cd98ba8a4","usr_393d3ebb21414962@anon.sme","Leeds","Standard","2024-01-15 10:00:00"
482,"CUST-00482","Client_Hash_194dc1bcb8c1fb0a","usr_50ceb82bc1b68b89@anon.sme","Edinburgh","Gold","2024-01-15 10:00:00"
483,"CUST-00483","Client_Hash_24854b56db3b1d9e","usr_dccc1565a85bcadd@anon.sme","Manchester","Platinum","2024-01-15 10:00:00"
484,"CUST-00484","Client_Hash_45e5c3f2816642bb","usr_51d260eafb69f4d1@anon.sme","Manchester","Gold","2024-01-15 10:00:00"
485,"CUST-00485","Client_Hash_e0a86f3636c2dc42","usr_a2bd4a725c7ffb0e@anon.sme","Leeds","Gold","2024-01-15 10:00:00"
486,"CUST-00486","Client_Hash_9a6a3b8b2e340738","usr_6cd9195dc84911d8@anon.sme","Glasgow","Gold","2024-01-15 10:00:00"
487,"CUST-00487","Client_Hash_ecd10e8020210f63","usr_17244b8b1b1c0b84@anon.sme","London","Gold","2024-01-15 10:00:00"
488,"CUST-00488","Client_Hash_8cc575351f062c51","usr_b45c54ee4eb40177@anon.sme","Leeds","Gold","2024-01-15 10:00:00"
489,"CUST-00489","Client_Hash_aafebada28e53c30","usr_c69423d773777ade@anon.sme","Bristol","Silver","2024-01-15 10:00:00"
490,"CUST-00490","Client_Hash_d23b4e73c151c767","usr_ea9cd56115dcbf0e@anon.sme","Bristol","Gold","2024-01-15 10:00:00"
491,"CUST-00491","Client_Hash_5d83612c128306dd","usr_c3f0d221041df8a1@anon.sme","Edinburgh","Gold","2024-01-15 10:00:00"
492,"CUST-00492","Client_Hash_5bddc7164abe6ccc","usr_1b99f0f8bed4fb02@anon.sme","Leeds","Platinum","2024-01-15 10:00:00"
493,"CUST-00493","Client_Hash_d2f7964f83c8faa5","usr_1fae5e8892bd2c2d@anon.sme","London","Silver","2024-01-15 10:00:00"
494,"CUST-00494","Client_Hash_0dce5b4148696ff9","usr_a47ca6fbb5f588c7@anon.sme","Bristol","Platinum","2024-01-15 10:00:00"
495,"CUST-00495","Client_Hash_c8c20f9be428025b","usr_0364b354427b8348@anon.sme","Glasgow","Silver","2024-01-15 10:00:00"
496,"CUST-00496","Client_Hash_dda6ae9a694e6f86","usr_92784cd76ba7f215@anon.sme","Birmingham","Platinum","2024-01-15 10:00:00"
497,"CUST-00497","Client_Hash_81b4169043ca71d9","usr_d11d568c06ca5c37@anon.sme","Leeds","Gold","2024-01-15 10:00:00"
498,"CUST-00498","Client_Hash_7db4cedb6cd2f922","usr_d1ae54b2eb218657@anon.sme","Leeds","Platinum","2024-01-15 10:00:00"
499,"CUST-00499","Client_Hash_fc8a2d2c8e3ddbbc","usr_81f02b2dff39cc07@anon.sme","Bristol","Platinum","2024-01-15 10:00:00"
500,"CUST-00500","Client_Hash_082b7c1a63203cf7","usr_9f0eabf98618275a@anon.sme","Leeds","Standard","2024-01-15 10:00:00"